{
  "type": "FeatureCollection",
  "features": [
    {
      "type": "Feature",
      "properties": {
        "value": 27.5,
        "level": 25,
        "levelIndex": 0,
        "minValue": 25,
        "maxValue": 30,
        "type": "filled_contour",
        "hasHoles": true,
        "polygonIndex": 0,
        "clipped": true
      },
      "geometry": {
        "type": "Polygon",
        "coordinates": [
          [
            [
              0,
              0
            ],
            [
              790,
              0
            ],
            [
              790,
              590
            ],
            [
              0,
              590
            ],
            [
              0,
              0
            ]
          ],
          [
            [
              541.0949257785456,
              520
            ],
            [
              550,
              517.7170781292956
            ],
            [
              559.3274981755839,
              520
            ],
            [
              565.7955924060127,
              530
            ],
            [
              566.2258796413303,
              540
            ],
            [
              560,
              549.3069556186651
            ],
            [
              557.6855533063681,
              550
            ],
            [
              550,
              551.1414212424827
            ],
            [
              545.3489217791812,
              550
            ],
            [
              540,
              547.846177623463
            ],
            [
              534.0070071285049,
              540
            ],
            [
              533.8846524378396,
              530
            ],
            [
              540,
              520.5649177164977
            ],
            [
              541.0949257785456,
              520
            ],
            [
              541.0949257785456,
              520
            ]
          ]
        ]
      }
    },
    {
      "type": "Feature",
      "properties": {
        "value": 32.5,
        "level": 30,
        "levelIndex": 1,
        "minValue": 30,
        "maxValue": 35,
        "type": "filled_contour",
        "hasHoles": true,
        "polygonIndex": 0,
        "clipped": true
      },
      "geometry": {
        "type": "Polygon",
        "coordinates": [
          [
            [
              592.8391059586878,
              590
            ],
            [
              600,
              581.8283256395797
            ],
            [
              604.2949609354608,
              580
            ],
            [
              610,
              578.5806853124868
            ],
            [
              620,
              578.5019539475983
            ],
            [
              628.1466686396477,
              580
            ],
            [
              630,
              580.4218591881307
            ],
            [
              640,
              585.9073474005769
            ],
            [
              644.0199333996895,
              590
            ],
            [
              0,
              590
            ],
            [
              0,
              0
            ],
            [
              790,
              0
            ],
            [
              790,
              590
            ],
            [
              592.8391059586878,
              590
            ]
          ],
          [
            [
              545.8341677449534,
              390
            ],
            [
              550,
              383.8578138035901
            ],
            [
              559.7695749719979,
              390
            ],
            [
              550,
              394.1516683978374
            ],
            [
              545.8341677449534,
              390
            ],
            [
              545.8341677449534,
              390
            ]
          ],
          [
            [
              620,
              509.5768701394099
            ],
            [
              614.2437197065567,
              520
            ],
            [
              615.6057579129607,
              530
            ],
            [
              620,
              535.8132962157174
            ],
            [
              625.9436078990859,
              540
            ],
            [
              630,
              541.5868021466322
            ],
            [
              640,
              542.6261665487334
            ],
            [
              650,
              540.5843567103482
            ],
            [
              651.0604495324959,
              540
            ],
            [
              659.0086566824765,
              530
            ],
            [
              660,
              525.7866164220438
            ],
            [
              661.1970415328378,
              520
            ],
            [
              660.5470056774847,
              510
            ],
            [
              660,
              508.8722841783179
            ],
            [
              650,
              503.3159775326768
            ],
            [
              640,
              503.32129945396105
            ],
            [
              630,
              505.19064405398797
            ],
            [
              620,
              509.5768701394099
            ],
            [
              620,
              509.5768701394099
            ]
          ]
        ]
      }
    },
    {
      "type": "Feature",
      "properties": {
        "value": 32.5,
        "level": 30,
        "levelIndex": 1,
        "minValue": 30,
        "maxValue": 35,
        "type": "filled_contour",
        "hasHoles": false,
        "polygonIndex": 1,
        "clipped": true
      },
      "geometry": {
        "type": "Polygon",
        "coordinates": [
          [
            [
              541.0949257785456,
              520
            ],
            [
              550,
              517.7170781292956
            ],
            [
              559.3274981755839,
              520
            ],
            [
              565.7955924060127,
              530
            ],
            [
              566.2258796413303,
              540
            ],
            [
              560,
              549.3069556186651
            ],
            [
              557.6855533063681,
              550
            ],
            [
              550,
              551.1414212424827
            ],
            [
              545.3489217791812,
              550
            ],
            [
              540,
              547.846177623463
            ],
            [
              534.0070071285049,
              540
            ],
            [
              533.8846524378396,
              530
            ],
            [
              540,
              520.5649177164977
            ],
            [
              541.0949257785456,
              520
            ],
            [
              541.0949257785456,
              520
            ]
          ]
        ]
      }
    },
    {
      "type": "Feature",
      "properties": {
        "value": 37.5,
        "level": 35,
        "levelIndex": 2,
        "minValue": 35,
        "maxValue": 40,
        "type": "filled_contour",
        "hasHoles": false,
        "polygonIndex": 0,
        "clipped": true
      },
      "geometry": {
        "type": "Polygon",
        "coordinates": [
          [
            [
              434.06937285044296,
              590
            ],
            [
              440,
              581.7571452235708
            ],
            [
              441.73039495738954,
              580
            ],
            [
              450,
              573.6921523445342
            ],
            [
              456.70740972425335,
              570
            ],
            [
              460,
              568.3368498974193
            ],
            [
              470,
              563.7888927790757
            ],
            [
              477.3657784264167,
              560
            ],
            [
              480,
              558.2701537494283
            ],
            [
              488.9227756951069,
              550
            ],
            [
              490,
              548.364966722763
            ],
            [
              494.26897339973493,
              540
            ],
            [
              497.28690427324295,
              530
            ],
            [
              499.44595116138726,
              520
            ],
            [
              500,
              517.0570030980996
            ],
            [
              501.57641250088466,
              510
            ],
            [
              504.693591193723,
              500
            ],
            [
              510,
              491.8286911091752
            ],
            [
              512.3672414104067,
              490
            ],
            [
              520,
              486.2524418095619
            ],
            [
              530,
              483.7970873106728
            ],
            [
              540,
              481.98778639285524
            ],
            [
              549.7841014718298,
              480
            ],
            [
              560,
              476.46228091526655
            ],
            [
              570,
              470.046706857108
            ],
            [
              576.3432491796497,
              460
            ],
            [
              579.6817327973838,
              450
            ],
            [
              580,
              448.5987852261288
            ],
            [
              582.1456875467292,
              440
            ],
            [
              585.480221131163,
              430
            ],
            [
              590,
              424.1146151218471
            ],
            [
              599.9136270109019,
              420
            ],
            [
              610,
              419.07697471883574
            ],
            [
              620,
              419.19262694386975
            ],
            [
              629.4679993377295,
              420
            ],
            [
              640,
              422.04273457935074
            ],
            [
              650,
              426.0650733920701
            ],
            [
              655.118561708629,
              430
            ],
            [
              660,
              436.87702711333463
            ],
            [
              661.4713856683875,
              440
            ],
            [
              664.20837648742,
              450
            ],
            [
              665.7740427112524,
              460
            ],
            [
              666.8511109070814,
              470
            ],
            [
              667.9195185503143,
              480
            ],
            [
              670.1472693220301,
              489.65328531637994
            ],
            [
              680,
              497.00313798425077
            ],
            [
              690,
              499.12770748718646
            ],
            [
              693.6456492003826,
              500
            ],
            [
              700,
              501.4202830542797
            ],
            [
              710,
              504.8642442587818
            ],
            [
              719.1995868646297,
              510
            ],
            [
              720,
              510.6994342847836
            ],
            [
              726.4117643654488,
              520
            ],
            [
              728.6501032509722,
              530
            ],
            [
              726.9648579099369,
              540
            ],
            [
              720.7857049819365,
              550
            ],
            [
              720,
              550.7504261649261
            ],
            [
              710,
              557.3576646276056
            ],
            [
              704.8543872254959,
              560
            ],
            [
              700,
              562.5235876352077
            ],
            [
              689.6941394822531,
              569.6844156957956
            ],
            [
              683.8009402572598,
              580
            ],
            [
              681.8907806816048,
              590
            ],
            [
              0,
              590
            ],
            [
              0,
              0
            ],
            [
              790,
              0
            ],
            [
              790,
              590
            ],
            [
              434.06937285044296,
              590
            ]
          ]
        ]
      }
    },
    {
      "type": "Feature",
      "properties": {
        "value": 37.5,
        "level": 35,
        "levelIndex": 2,
        "minValue": 35,
        "maxValue": 40,
        "type": "filled_contour",
        "hasHoles": false,
        "polygonIndex": 1,
        "clipped": true
      },
      "geometry": {
        "type": "Polygon",
        "coordinates": [
          [
            [
              545.8341677449534,
              390
            ],
            [
              550,
              383.8578138035901
            ],
            [
              559.7695749719979,
              390
            ],
            [
              550,
              394.1516683978374
            ],
            [
              545.8341677449534,
              390
            ],
            [
              545.8341677449534,
              390
            ]
          ]
        ]
      }
    },
    {
      "type": "Feature",
      "properties": {
        "value": 37.5,
        "level": 35,
        "levelIndex": 2,
        "minValue": 35,
        "maxValue": 40,
        "type": "filled_contour",
        "hasHoles": false,
        "polygonIndex": 2,
        "clipped": true
      },
      "geometry": {
        "type": "Polygon",
        "coordinates": [
          [
            [
              620,
              509.5768701394099
            ],
            [
              614.2437197065567,
              520
            ],
            [
              615.6057579129607,
              530
            ],
            [
              620,
              535.8132962157174
            ],
            [
              625.9436078990859,
              540
            ],
            [
              630,
              541.5868021466322
            ],
            [
              640,
              542.6261665487334
            ],
            [
              650,
              540.5843567103482
            ],
            [
              651.0604495324959,
              540
            ],
            [
              659.0086566824765,
              530
            ],
            [
              660,
              525.7866164220438
            ],
            [
              661.1970415328378,
              520
            ],
            [
              660.5470056774847,
              510
            ],
            [
              660,
              508.8722841783179
            ],
            [
              650,
              503.3159775326768
            ],
            [
              640,
              503.32129945396105
            ],
            [
              630,
              505.19064405398797
            ],
            [
              620,
              509.5768701394099
            ],
            [
              620,
              509.5768701394099
            ]
          ]
        ]
      }
    },
    {
      "type": "Feature",
      "properties": {
        "value": 42.5,
        "level": 40,
        "levelIndex": 3,
        "minValue": 40,
        "maxValue": 45,
        "type": "filled_contour",
        "hasHoles": false,
        "polygonIndex": 0,
        "clipped": true
      },
      "geometry": {
        "type": "Polygon",
        "coordinates": [
          [
            [
              790,
              476.56440326375264
            ],
            [
              781.8931715849704,
              480
            ],
            [
              780,
              480.77930773008546
            ],
            [
              770,
              485.3486105552443
            ],
            [
              765.2986562109654,
              490
            ],
            [
              761.4408777910896,
              500
            ],
            [
              760.1902035554406,
              510
            ],
            [
              760,
              516.9988218721332
            ],
            [
              759.9338550028,
              520
            ],
            [
              760,
              521.5776133195618
            ],
            [
              760.3607136235669,
              530
            ],
            [
              761.5994601842788,
              540
            ],
            [
              764.2386122884213,
              550
            ],
            [
              770,
              559.7282300914886
            ],
            [
              780,
              566.9104766810949
            ],
            [
              786.5755857995221,
              570
            ],
            [
              790,
              571.4962312000666
            ],
            [
              790,
              590
            ],
            [
              407.8109430400276,
              590
            ],
            [
              790,
              476.56440326375264
            ]
          ]
        ]
      }
    },
    {
      "type": "Feature",
      "properties": {
        "value": 47.5,
        "level": 45,
        "levelIndex": 4,
        "minValue": 45,
        "maxValue": 50,
        "type": "filled_contour",
        "hasHoles": false,
        "polygonIndex": 0,
        "clipped": true
      },
      "geometry": {
        "type": "Polygon",
        "coordinates": [
          [
            [
              790,
              334.914603476204
            ],
            [
              780.2958026933477,
              340
            ],
            [
              773.9638832395242,
              350
            ],
            [
              772.6801515798863,
              360
            ],
            [
              773.5058887625402,
              370
            ],
            [
              776.3554004298942,
              380
            ],
            [
              780,
              386.46034008753116
            ],
            [
              782.9352350945985,
              390
            ],
            [
              790,
              395.24202294891575
            ],
            [
              790,
              590
            ],
            [
              378.407110004459,
              590
            ],
            [
              790,
              334.914603476204
            ]
          ]
        ]
      }
    },
    {
      "type": "Feature",
      "properties": {
        "value": 52.5,
        "level": 50,
        "levelIndex": 5,
        "minValue": 50,
        "maxValue": 55,
        "type": "filled_contour",
        "hasHoles": false,
        "polygonIndex": 0,
        "clipped": true
      },
      "geometry": {
        "type": "Polygon",
        "coordinates": [
          [
            [
              312.6626067875672,
              590
            ],
            [
              320,
              587.0456110711722
            ],
            [
              330,
              582.5475651169509
            ],
            [
              334.4108200883415,
              580
            ],
            [
              340,
              575.4884521380852
            ],
            [
              344.4510916294223,
              570
            ],
            [
              349.0535299615068,
              560
            ],
            [
              350,
              557.1121332308911
            ],
            [
              352.03371016378424,
              550
            ],
            [
              354.74038629381556,
              540
            ],
            [
              357.78557708998625,
              530
            ],
            [
              360,
              524.3013108498334
            ],
            [
              361.93032910739555,
              520
            ],
            [
              367.78854420621394,
              510
            ],
            [
              370,
              506.9091062726935
            ],
            [
              375.8997031337716,
              500
            ],
            [
              380,
              495.4705873800632
            ],
            [
              385.25402008136473,
              490
            ],
            [
              390,
              484.2879521168551
            ],
            [
              393.2436539799147,
              480
            ],
            [
              398.5384687163476,
              470
            ],
            [
              400,
              465.4711855506705
            ],
            [
              401.5734053994844,
              460
            ],
            [
              402.9442632303293,
              450
            ],
            [
              403.01014728203694,
              440
            ],
            [
              401.7318157341765,
              430
            ],
            [
              400,
              423.81691574916
            ],
            [
              398.7039468422163,
              420
            ],
            [
              393.47699708467104,
              410
            ],
            [
              390,
              404.9262419853824
            ],
            [
              386.53045984771563,
              400
            ],
            [
              380.1579129546131,
              390
            ],
            [
              377.3205583309008,
              380
            ],
            [
              377.7653473676428,
              370
            ],
            [
              380,
              364.60510745498595
            ],
            [
              382.78103202425257,
              360
            ],
            [
              390,
              352.78564320509247
            ],
            [
              393.37188256810475,
              350
            ],
            [
              400,
              344.73168928728296
            ],
            [
              405.02691724579967,
              340
            ],
            [
              410,
              333.7933904589018
            ],
            [
              412.2757226262823,
              330
            ],
            [
              416.6791728873791,
              320
            ],
            [
              420,
              310.2519749418429
            ],
            [
              423.73761725518364,
              300
            ],
            [
              428.7978927460878,
              290
            ],
            [
              430,
              288.36332951139684
            ],
            [
              438.9862993301574,
              280
            ],
            [
              440,
              279.3747268565013
            ],
            [
              450,
              275.320684623283
            ],
            [
              460,
              273.1000927113003
            ],
            [
              470,
              271.9573175969373
            ],
            [
              480,
              271.59751298736285
            ],
            [
              490,
              271.9759361158545
            ],
            [
              500,
              273.26309637522957
            ],
            [
              510,
              275.89788061185465
            ],
            [
              519.0638365278187,
              280
            ],
            [
              520,
              280.51666186924194
            ],
            [
              530,
              285.67068196338687
            ],
            [
              540,
              288.96561721124135
            ],
            [
              550,
              288.18087524160694
            ],
            [
              560,
              284.25539254396375
            ],
            [
              569.2534325738891,
              280
            ],
            [
              580,
              276.0980749491355
            ],
            [
              590,
              273.9131895888278
            ],
            [
              600,
              272.65628417286484
            ],
            [
              610,
              272.02606334993084
            ],
            [
              620,
              271.8708713418429
            ],
            [
              630,
              272.1401789141546
            ],
            [
              640,
              272.864816736156
            ],
            [
              650,
              274.16497479466557
            ],
            [
              660,
              276.29045829878027
            ],
            [
              670,
              279.7093061524165
            ],
            [
              680,
              285.2406442258369
            ],
            [
              686.827536484236,
              290
            ],
            [
              690,
              292.3847183389403
            ],
            [
              700,
              298.64731197200393
            ],
            [
              703.6370323325971,
              300
            ],
            [
              710,
              301.8521591214098
            ],
            [
              720,
              301.9480046536284
            ],
            [
              726.8158545362696,
              300
            ],
            [
              730,
              298.75654882627697
            ],
            [
              740,
              291.906945273762
            ],
            [
              742.2792294007697,
              290
            ],
            [
              750,
              284.0071276032252
            ],
            [
              756.3346687190966,
              280
            ],
            [
              760,
              278.25859427830824
            ],
            [
              770,
              274.8630998372612
            ],
            [
              780,
              272.7978996502579
            ],
            [
              790,
              271.5809319432621
            ],
            [
              790,
              590
            ],
            [
              0,
              590
            ],
            [
              0,
              0
            ],
            [
              790,
              0
            ],
            [
              312.6626067875672,
              590
            ]
          ]
        ]
      }
    },
    {
      "type": "Feature",
      "properties": {
        "value": 57.5,
        "level": 55,
        "levelIndex": 6,
        "minValue": 55,
        "maxValue": 60,
        "type": "filled_contour",
        "hasHoles": false,
        "polygonIndex": 0,
        "clipped": true
      },
      "geometry": {
        "type": "Polygon",
        "coordinates": [
          [
            [
              790,
              11.420488803456028
            ],
            [
              787.4181375252109,
              10
            ],
            [
              780,
              4.645213899928215
            ],
            [
              775.1139753357128,
              0
            ],
            [
              790,
              0
            ],
            [
              790,
              590
            ],
            [
              278.20679623396154,
              590
            ],
            [
              790,
              11.420488803456028
            ]
          ]
        ]
      }
    },
    {
      "type": "Feature",
      "properties": {
        "value": 62.5,
        "level": 60,
        "levelIndex": 7,
        "minValue": 60,
        "maxValue": 65,
        "type": "filled_contour",
        "hasHoles": true,
        "polygonIndex": 0,
        "clipped": true
      },
      "geometry": {
        "type": "Polygon",
        "coordinates": [
          [
            [
              653.3942564251887,
              0
            ],
            [
              650,
              1.315067041838317
            ],
            [
              640,
              3.789995671876966
            ],
            [
              630,
              4.541557238816477
            ],
            [
              620,
              3.4372503431860575
            ],
            [
              610,
              0.37631882521274523
            ],
            [
              0,
              0
            ],
            [
              790,
              0
            ],
            [
              790,
              36.27327131640449
            ],
            [
              790,
              590
            ],
            [
              0,
              590
            ],
            [
              0,
              585.1652977321834
            ],
            [
              0,
              585.1652977321834
            ],
            [
              3.9005266833256624,
              590
            ],
            [
              0,
              590
            ],
            [
              0,
              0
            ],
            [
              790,
              0
            ],
            [
              790,
              590
            ],
            [
              255.6179589391517,
              590
            ],
            [
              255.6179589391517,
              590
            ],
            [
              260,
              586.1143199271114
            ],
            [
              267.58691435821197,
              580
            ],
            [
              270,
              578.2931782645729
            ],
            [
              280,
              571.9610081638558
            ],
            [
              283.35943790814565,
              570
            ],
            [
              290,
              566.2233128133872
            ],
            [
              300,
              560.2519386081361
            ],
            [
              310,
              552.5462173442692
            ],
            [
              312.65053223268103,
              550
            ],
            [
              320,
              540.556596967894
            ],
            [
              325.3383907002844,
              530
            ],
            [
              329.00172468235985,
              520
            ],
            [
              330,
              516.5746569322943
            ],
            [
              332.0095660400035,
              510
            ],
            [
              334.84892751605804,
              500
            ],
            [
              337.9071212071069,
              490
            ],
            [
              340,
              483.6764270531994
            ],
            [
              341.53261870341163,
              480
            ],
            [
              345.7225035866989,
              470
            ],
            [
              349.562358276505,
              460
            ],
            [
              350,
              457.22504551416694
            ],
            [
              351.09435432561213,
              450
            ],
            [
              350,
              442.3309927325584
            ],
            [
              349.6515442514277,
              440
            ],
            [
              346.13513075672006,
              430
            ],
            [
              342.4867098940256,
              420
            ],
            [
              340,
              411.992207082516
            ],
            [
              339.49627271691304,
              410
            ],
            [
              337.2320033747563,
              400
            ],
            [
              335.39694090483823,
              390
            ],
            [
              333.7352868732931,
              380
            ],
            [
              331.98497752112667,
              370
            ],
            [
              329.8994259212079,
              360.4002915720346
            ],
            [
              326.53175596446397,
              350
            ],
            [
              320.87011374384656,
              340
            ],
            [
              320,
              338.86329963104095
            ],
            [
              310,
              330.1422778684562
            ],
            [
              300,
              323.2643088795508
            ],
            [
              295.32287706642256,
              320
            ],
            [
              290,
              314.9680849265043
            ],
            [
              285.8375548836549,
              310
            ],
            [
              281.90787308963667,
              300
            ],
            [
              282.7949289639622,
              290
            ],
            [
              289.6114121605151,
              280
            ],
            [
              300,
              273.8098973506839
            ],
            [
              307.696529423151,
              270
            ],
            [
              310,
              268.9189342633034
            ],
            [
              320,
              263.2875901068359
            ],
            [
              323.7968767948365,
              260
            ],
            [
              330,
              251.87888600759717
            ],
            [
              330.97903865892897,
              250
            ],
            [
              335.040122917211,
              240
            ],
            [
              338.3450181440457,
              230
            ],
            [
              340,
              225.49824116434837
            ],
            [
              342.2239384296107,
              220
            ],
            [
              348.30034999885027,
              210
            ],
            [
              350,
              208.1629094353796
            ],
            [
              360,
              201.26847968612466
            ],
            [
              363.20574051206233,
              200
            ],
            [
              370,
              197.90516253789804
            ],
            [
              380,
              196.15705441536267
            ],
            [
              390,
              195.3162595208108
            ],
            [
              400,
              195.23601730553793
            ],
            [
              410,
              196.1140153359172
            ],
            [
              420,
              198.8178176411551
            ],
            [
              422.3777503807983,
              200
            ],
            [
              430,
              205.2811150047378
            ],
            [
              434.5736936765583,
              210
            ],
            [
              440,
              215.0349525333943
            ],
            [
              446.54498591103965,
              220
            ],
            [
              450,
              221.66050546430978
            ],
            [
              460,
              223.4934796079093
            ],
            [
              470,
              222.36278909482337
            ],
            [
              476.76360893573406,
              220
            ],
            [
              480,
              218.5117988920402
            ],
            [
              490,
              212.99674126428022
            ],
            [
              496.3648142676893,
              210
            ],
            [
              500,
              208.52095005414768
            ],
            [
              510,
              205.79116813941022
            ],
            [
              520,
              204.54937812972912
            ],
            [
              530,
              204.3612910912869
            ],
            [
              540,
              205.06467068288381
            ],
            [
              550,
              206.6696886074519
            ],
            [
              560,
              209.32866039290857
            ],
            [
              561.7865191733854,
              210
            ],
            [
              570,
              213.59444562180698
            ],
            [
              580,
              219.31632127819915
            ],
            [
              581.0492851167231,
              220
            ],
            [
              590,
              226.04782533520103
            ],
            [
              596.2600639336075,
              230
            ],
            [
              600,
              232.101589966604
            ],
            [
              610,
              236.31425440888586
            ],
            [
              620,
              238.87538091953266
            ],
            [
              630,
              239.8674039801217
            ],
            [
              640,
              239.33443375617497
            ],
            [
              650,
              237.26943287088167
            ],
            [
              660,
              233.63458420299614
            ],
            [
              667.1625144963739,
              230
            ],
            [
              670,
              228.42219283873408
            ],
            [
              680,
              222.53258325655898
            ],
            [
              684.5753019448082,
              220
            ],
            [
              690,
              217.35818167751276
            ],
            [
              700,
              213.61930996372865
            ],
            [
              710,
              211.08102777968105
            ],
            [
              717.6677879539199,
              210
            ],
            [
              720,
              209.70097277502506
            ],
            [
              730,
              209.3673271564401
            ],
            [
              740,
              209.95067776820161
            ],
            [
              750,
              211.6011242159867
            ],
            [
              760,
              214.13299500577205
            ],
            [
              770,
              217.07195416883235
            ],
            [
              780,
              219.0446181520094
            ],
            [
              790,
              217.11024241699772
            ],
            [
              790,
              590
            ],
            [
              0,
              590
            ],
            [
              0,
              0
            ],
            [
              790,
              0
            ],
            [
              653.3942564251887,
              0
            ]
          ],
          [
            [
              529.7426223988892,
              0
            ],
            [
              520,
              7.127331005478753
            ],
            [
              517.0593408209426,
              10
            ],
            [
              510,
              18.039625363402166
            ],
            [
              508.03765341251756,
              20
            ],
            [
              500,
              26.446211929653426
            ],
            [
              491.81801578785957,
              30
            ],
            [
              490,
              30.59177479180567
            ],
            [
              480,
              32.52028234930764
            ],
            [
              470,
              33.31448609634838
            ],
            [
              460,
              33.336937385232375
            ],
            [
              450,
              32.53119553786755
            ],
            [
              440,
              30.25785992859844
            ],
            [
              430,
              23.321533796037542
            ],
            [
              427.80145951608387,
              20
            ],
            [
              424.20490330144116,
              10
            ],
            [
              422.3422278123089,
              0
            ],
            [
              790,
              0
            ],
            [
              790,
              62.40373116720666
            ],
            [
              790,
              590
            ],
            [
              0,
              590
            ],
            [
              0,
              165.21903743959678
            ],
            [
              0,
              165.21903743959678
            ],
            [
              1.3092926862086687,
              170
            ],
            [
              5.936587065538783,
              180
            ],
            [
              10,
              184.23646935522615
            ],
            [
              20,
              189.09329265141767
            ],
            [
              23.099432973965385,
              190
            ],
            [
              30,
              191.68648972512705
            ],
            [
              40,
              193.85877112273266
            ],
            [
              50,
              196.42747807995232
            ],
            [
              59.14416234167264,
              200
            ],
            [
              60,
              200.4732008708712
            ],
            [
              70,
              209.8736211013497
            ],
            [
              73.99511279699301,
              220
            ],
            [
              75.51179555980828,
              230
            ],
            [
              75.33472910328916,
              240
            ],
            [
              72.67043776790872,
              250
            ],
            [
              70,
              253.77330405163488
            ],
            [
              61.9486774057712,
              260
            ],
            [
              60,
              260.85534088531165
            ],
            [
              50,
              264.2392977114775
            ],
            [
              40,
              267.25371381563764
            ],
            [
              32.80722201600006,
              270
            ],
            [
              30,
              271.2328233278284
            ],
            [
              20,
              278.67488364729627
            ],
            [
              18.930831504572826,
              280
            ],
            [
              13.736698386047689,
              290
            ],
            [
              10.902061624577893,
              300
            ],
            [
              10,
              304.90094431761133
            ],
            [
              9.143311166070841,
              310
            ],
            [
              7.6935167870109495,
              320
            ],
            [
              5.724949692273766,
              330
            ],
            [
              1.5190461833465618,
              340
            ],
            [
              0,
              341.95838495955405
            ],
            [
              0,
              0
            ],
            [
              790,
              0
            ],
            [
              790,
              590
            ],
            [
              232.671550122731,
              590
            ],
            [
              0,
              590
            ],
            [
              0,
              551.3230595068281
            ],
            [
              0,
              551.3230595068281
            ],
            [
              10,
              558.0949752053261
            ],
            [
              12.005027529258825,
              560
            ],
            [
              20,
              569.8110973304324
            ],
            [
              26.891689988853596,
              580
            ],
            [
              30,
              584.0613905049745
            ],
            [
              35.58089169138965,
              590
            ],
            [
              0,
              590
            ],
            [
              0,
              0
            ],
            [
              790,
              0
            ],
            [
              790,
              590
            ],
            [
              529.7426223988892,
              0
            ]
          ]
        ]
      }
    },
    {
      "type": "Feature",
      "properties": {
        "value": 67.5,
        "level": 65,
        "levelIndex": 8,
        "minValue": 65,
        "maxValue": 70,
        "type": "filled_contour",
        "hasHoles": true,
        "polygonIndex": 0,
        "clipped": true
      },
      "geometry": {
        "type": "Polygon",
        "coordinates": [
          [
            [
              529.7426223988892,
              0
            ],
            [
              520,
              7.127331005478753
            ],
            [
              517.0593408209426,
              10
            ],
            [
              510,
              18.039625363402166
            ],
            [
              508.03765341251756,
              20
            ],
            [
              500,
              26.446211929653426
            ],
            [
              491.81801578785957,
              30
            ],
            [
              490,
              30.59177479180567
            ],
            [
              480,
              32.52028234930764
            ],
            [
              470,
              33.31448609634838
            ],
            [
              460,
              33.336937385232375
            ],
            [
              450,
              32.53119553786755
            ],
            [
              440,
              30.25785992859844
            ],
            [
              430,
              23.321533796037542
            ],
            [
              427.80145951608387,
              20
            ],
            [
              424.20490330144116,
              10
            ],
            [
              422.3422278123089,
              0
            ],
            [
              790,
              0
            ],
            [
              790,
              62.40373116720666
            ],
            [
              790,
              590
            ],
            [
              0,
              590
            ],
            [
              0,
              165.21903743959678
            ],
            [
              0,
              165.21903743959678
            ],
            [
              1.3092926862086687,
              170
            ],
            [
              5.936587065538783,
              180
            ],
            [
              10,
              184.23646935522615
            ],
            [
              20,
              189.09329265141767
            ],
            [
              23.099432973965385,
              190
            ],
            [
              30,
              191.68648972512705
            ],
            [
              40,
              193.85877112273266
            ],
            [
              50,
              196.42747807995232
            ],
            [
              59.14416234167264,
              200
            ],
            [
              60,
              200.4732008708712
            ],
            [
              70,
              209.8736211013497
            ],
            [
              73.99511279699301,
              220
            ],
            [
              75.51179555980828,
              230
            ],
            [
              75.33472910328916,
              240
            ],
            [
              72.67043776790872,
              250
            ],
            [
              70,
              253.77330405163488
            ],
            [
              61.9486774057712,
              260
            ],
            [
              60,
              260.85534088531165
            ],
            [
              50,
              264.2392977114775
            ],
            [
              40,
              267.25371381563764
            ],
            [
              32.80722201600006,
              270
            ],
            [
              30,
              271.2328233278284
            ],
            [
              20,
              278.67488364729627
            ],
            [
              18.930831504572826,
              280
            ],
            [
              13.736698386047689,
              290
            ],
            [
              10.902061624577893,
              300
            ],
            [
              10,
              304.90094431761133
            ],
            [
              9.143311166070841,
              310
            ],
            [
              7.6935167870109495,
              320
            ],
            [
              5.724949692273766,
              330
            ],
            [
              1.5190461833465618,
              340
            ],
            [
              0,
              341.95838495955405
            ],
            [
              0,
              0
            ],
            [
              790,
              0
            ],
            [
              790,
              590
            ],
            [
              232.671550122731,
              590
            ],
            [
              0,
              590
            ],
            [
              0,
              551.3230595068281
            ],
            [
              0,
              551.3230595068281
            ],
            [
              10,
              558.0949752053261
            ],
            [
              12.005027529258825,
              560
            ],
            [
              20,
              569.8110973304324
            ],
            [
              26.891689988853596,
              580
            ],
            [
              30,
              584.0613905049745
            ],
            [
              35.58089169138965,
              590
            ],
            [
              0,
              590
            ],
            [
              0,
              0
            ],
            [
              790,
              0
            ],
            [
              790,
              590
            ],
            [
              529.7426223988892,
              0
            ]
          ],
          [
            [
              590,
              49.042652508314404
            ],
            [
              588.1572929532053,
              50
            ],
            [
              580,
              56.63137508606245
            ],
            [
              577.135128339114,
              60
            ],
            [
              570.9242875696173,
              70
            ],
            [
              570,
              71.59348497097415
            ],
            [
              564.5690464694424,
              80
            ],
            [
              560,
              85.87157991940295
            ],
            [
              555.606334704857,
              90
            ],
            [
              550,
              94.28489186299726
            ],
            [
              540,
              99.55499194035379
            ],
            [
              538.7911156870315,
              100
            ],
            [
              530,
              103.66379896018034
            ],
            [
              520,
              108.71671891291197
            ],
            [
              518.2284833699588,
              110
            ],
            [
              513.2462270743735,
              120
            ],
            [
              513.2315294454233,
              130
            ],
            [
              515.2951478601344,
              140
            ],
            [
              519.3816340529908,
              150
            ],
            [
              520,
              150.89942219756523
            ],
            [
              527.7636885422273,
              160
            ],
            [
              530,
              161.64805736292496
            ],
            [
              540,
              166.73151357502596
            ],
            [
              550,
              169.75588306634265
            ],
            [
              551.7061077352399,
              170
            ],
            [
              560,
              170.98072739360308
            ],
            [
              570,
              171.12421461638232
            ],
            [
              580,
              170.20591866316488
            ],
            [
              581.1443327409567,
              170
            ],
            [
              590,
              167.76324815309636
            ],
            [
              600,
              163.96287015594856
            ],
            [
              608.9187925738506,
              160
            ],
            [
              610,
              159.4945971212931
            ],
            [
              620,
              156.8551568227374
            ],
            [
              630,
              157.08063579632028
            ],
            [
              638.7840262337827,
              160
            ],
            [
              640,
              160.50069738864195
            ],
            [
              650,
              166.6687550035729
            ],
            [
              655.7107495198265,
              170
            ],
            [
              660,
              171.92162378173592
            ],
            [
              670,
              174.9722911469542
            ],
            [
              680,
              176.38496261084492
            ],
            [
              690,
              176.64333457732673
            ],
            [
              700,
              175.94178368288425
            ],
            [
              710,
              174.23382309230763
            ],
            [
              720,
              171.21335314286443
            ],
            [
              722.6039774646108,
              170
            ],
            [
              730,
              165.1162041294976
            ],
            [
              735.2136136623865,
              160
            ],
            [
              740,
              152.08790486834835
            ],
            [
              741.0323325275472,
              150
            ],
            [
              743.7803859135679,
              140
            ],
            [
              744.7384144913051,
              130
            ],
            [
              743.5777895318452,
              120
            ],
            [
              740,
              112.64734352404051
            ],
            [
              738.0028215665541,
              110
            ],
            [
              730,
              104.25883839336475
            ],
            [
              721.7807609922065,
              100
            ],
            [
              720,
              99.20920824430206
            ],
            [
              710,
              94.00245559207649
            ],
            [
              704.0528134674628,
              90
            ],
            [
              700,
              86.77615855003263
            ],
            [
              693.5924412301479,
              80
            ],
            [
              690,
              75.38691260919242
            ],
            [
              686.2869744385706,
              70
            ],
            [
              680,
              61.26239741413065
            ],
            [
              678.9850732079017,
              60
            ],
            [
              670,
              51.84921259777972
            ],
            [
              666.8854505250624,
              50
            ],
            [
              660,
              47.11218695479191
            ],
            [
              650,
              44.7068632629188
            ],
            [
              640,
              43.47872407721925
            ],
            [
              630,
              43.00361010812005
            ],
            [
              620,
              43.13444853134455
            ],
            [
              610,
              43.9177867417896
            ],
            [
              600,
              45.635865545309
            ],
            [
              590,
              49.042652508314404
            ],
            [
              590,
              49.042652508314404
            ]
          ]
        ]
      }
    },
    {
      "type": "Feature",
      "properties": {
        "value": 67.5,
        "level": 65,
        "levelIndex": 8,
        "minValue": 65,
        "maxValue": 70,
        "type": "filled_contour",
        "hasHoles": false,
        "polygonIndex": 1,
        "clipped": true
      },
      "geometry": {
        "type": "Polygon",
        "coordinates": [
          [
            [
              379.9046445902824,
              60
            ],
            [
              390,
              59.73985481834468
            ],
            [
              400,
              67.56434631750413
            ],
            [
              401.19034002501166,
              70
            ],
            [
              402.58112711183276,
              80
            ],
            [
              401.1195323438973,
              90
            ],
            [
              400,
              92.4153565881898
            ],
            [
              390.642946072457,
              100
            ],
            [
              380,
              100.5998263282455
            ],
            [
              377.95884296620284,
              100
            ],
            [
              370,
              96.57081133652763
            ],
            [
              364.5269142494326,
              90
            ],
            [
              362.7769538092631,
              80
            ],
            [
              366.1812847239829,
              70
            ],
            [
              370,
              65.61008591223712
            ],
            [
              379.9046445902824,
              60
            ],
            [
              379.9046445902824,
              60
            ]
          ]
        ]
      }
    },
    {
      "type": "Feature",
      "properties": {
        "value": 72.5,
        "level": 70,
        "levelIndex": 9,
        "minValue": 70,
        "maxValue": 75,
        "type": "filled_contour",
        "hasHoles": true,
        "polygonIndex": 0,
        "clipped": true
      },
      "geometry": {
        "type": "Polygon",
        "coordinates": [
          [
            [
              316.99528978381704,
              0
            ],
            [
              320,
              3.5488209349132167
            ],
            [
              323.10397307970055,
              10
            ],
            [
              321.80491065679985,
              20
            ],
            [
              320,
              20.874578376248703
            ],
            [
              310,
              20.236489702018602
            ],
            [
              300,
              13.903884322141074
            ],
            [
              297.18776330635944,
              10
            ],
            [
              299.55367546240086,
              0
            ],
            [
              790,
              0
            ],
            [
              790,
              590
            ],
            [
              0,
              590
            ],
            [
              0,
              19.747989164735298
            ],
            [
              0,
              0
            ],
            [
              790,
              0
            ],
            [
              790,
              590
            ],
            [
              0,
              590
            ],
            [
              0,
              509.91620175259146
            ],
            [
              10,
              517.4439302405791
            ],
            [
              13.904035475762587,
              520
            ],
            [
              20,
              523.6397264732584
            ],
            [
              28.95889355852249,
              530
            ],
            [
              30,
              530.8383237399048
            ],
            [
              38.79642853243469,
              540
            ],
            [
              40,
              541.5385740819931
            ],
            [
              45.79697942207003,
              550
            ],
            [
              50,
              556.3534386786534
            ],
            [
              52.62823678224606,
              560
            ],
            [
              60,
              567.8839621438354
            ],
            [
              62.968537771600985,
              570
            ],
            [
              70,
              573.5257278992965
            ],
            [
              80,
              576.178646843304
            ],
            [
              90,
              577.4781513044617
            ],
            [
              100,
              578.2180143313533
            ],
            [
              110,
              578.7939969704449
            ],
            [
              120,
              579.409205993318
            ],
            [
              127.65536002908186,
              580
            ],
            [
              130,
              580.1926800422752
            ],
            [
              140,
              581.2591681822771
            ],
            [
              150,
              582.5732662890745
            ],
            [
              160,
              584.086311903428
            ],
            [
              170,
              585.6358989003611
            ],
            [
              180,
              586.864446123791
            ],
            [
              190,
              587.1468975694321
            ],
            [
              200,
              585.6616594062486
            ],
            [
              210,
              581.7825434495498
            ],
            [
              212.9203303380661,
              580
            ],
            [
              220,
              575.0374995049632
            ],
            [
              226.17193367801337,
              570
            ],
            [
              230,
              566.9664399465721
            ],
            [
              239.47689540349597,
              560
            ],
            [
              250,
              553.7924390816113
            ],
            [
              257.5974938316339,
              550
            ],
            [
              260,
              548.847088314151
            ],
            [
              270,
              543.7929069228235
            ],
            [
              276.70079622210835,
              540
            ],
            [
              280,
              537.7371537928487
            ],
            [
              288.7676062231724,
              530
            ],
            [
              290,
              528.3451239658272
            ],
            [
              294.8798821976795,
              520
            ],
            [
              297.7125374389777,
              510
            ],
            [
              298.1206236031425,
              500
            ],
            [
              296.80325449523775,
              490
            ],
            [
              294.506766522588,
              480
            ],
            [
              291.9774537572274,
              470
            ],
            [
              290,
              460.53069504856114
            ],
            [
              288.9192578247667,
              450
            ],
            [
              288.9361593199121,
              440
            ],
            [
              289.9409087332602,
              430
            ],
            [
              291.8165603873239,
              420
            ],
            [
              293.768563396734,
              410
            ],
            [
              294.96184292420116,
              400
            ],
            [
              294.4932940519094,
              390
            ],
            [
              291.47349188756544,
              380
            ],
            [
              290,
              377.5565351455831
            ],
            [
              283.40914274154676,
              370
            ],
            [
              280,
              367.3170861347458
            ],
            [
              270,
              361.8527582891909
            ],
            [
              265.23862993536403,
              360
            ],
            [
              260,
              357.9030516571888
            ],
            [
              250,
              353.9962331685456
            ],
            [
              242.02231281654218,
              350
            ],
            [
              240,
              348.3629062907669
            ],
            [
              232.77295342417915,
              340
            ],
            [
              230,
              332.4316904713431
            ],
            [
              229.19581612670402,
              330
            ],
            [
              226.64392215787177,
              320
            ],
            [
              223.57550478763164,
              310
            ],
            [
              220,
              302.6896676420343
            ],
            [
              217.8345211442495,
              300
            ],
            [
              210,
              294.0339586380008
            ],
            [
              200,
              291.65698777731166
            ],
            [
              190,
              293.7251502011884
            ],
            [
              180.29823782647182,
              300
            ],
            [
              170,
              309.8312368944523
            ],
            [
              160,
              316.830775352537
            ],
            [
              153.77577008918053,
              320
            ],
            [
              150,
              321.2910840231085
            ],
            [
              140,
              323.77790695183444
            ],
            [
              130,
              325.375317452643
            ],
            [
              120,
              326.3537795712282
            ],
            [
              110,
              326.8712857020171
            ],
            [
              100,
              327.03722840118496
            ],
            [
              90,
              326.98434738119477
            ],
            [
              80,
              327.07573060848114
            ],
            [
              70,
              329.0613597692412
            ],
            [
              68.69425732797235,
              330
            ],
            [
              62.512996247755964,
              340
            ],
            [
              60,
              347.87515894687465
            ],
            [
              59.526950988459355,
              350
            ],
            [
              55.78125253499954,
              360
            ],
            [
              50.27322692783024,
              370.3522147975066
            ],
            [
              41.57437884760452,
              380
            ],
            [
              40,
              381.3031508777657
            ],
            [
              30,
              387.9410455557753
            ],
            [
              26.191570925874842,
              390
            ],
            [
              20,
              393.1718245324049
            ],
            [
              10,
              398.78574249182464
            ],
            [
              8.214228014303828,
              400
            ],
            [
              0,
              408.9972487094999
            ],
            [
              0,
              0
            ],
            [
              790,
              0
            ],
            [
              790,
              590
            ],
            [
              0,
              590
            ],
            [
              316.99528978381704,
              0
            ]
          ],
          [
            [
              609.5545099348863,
              69.70019313358802
            ],
            [
              600.1492925029361,
              80
            ],
            [
              596.2585297610734,
              90
            ],
            [
              594.8515776672222,
              100
            ],
            [
              598.0647047063791,
              110
            ],
            [
              600,
              111.51510707410814
            ],
            [
              610,
              115.1569126286511
            ],
            [
              620,
              116.63533463193144
            ],
            [
              630,
              117.47792830154634
            ],
            [
              640,
              118.10015881701624
            ],
            [
              650,
              118.63209307810288
            ],
            [
              660,
              118.93075152053018
            ],
            [
              669.4197068200696,
              110
            ],
            [
              666.8104564498726,
              100
            ],
            [
              663.3336019159821,
              90
            ],
            [
              660,
              83.36083311939669
            ],
            [
              658.1948723116427,
              80
            ],
            [
              650,
              71.01349437823282
            ],
            [
              648.6140584985596,
              70
            ],
            [
              640,
              66.14212930392675
            ],
            [
              630,
              64.49176380872196
            ],
            [
              620,
              65.50354237053254
            ],
            [
              609.5545099348863,
              69.70019313358802
            ],
            [
              609.5545099348863,
              69.70019313358802
            ]
          ],
          [
            [
              690,
              129.06602958563244
            ],
            [
              685.704780649066,
              130
            ],
            [
              689.8134295909551,
              140
            ],
            [
              700,
              140.2232892390061
            ],
            [
              700,
              139.23387006790603
            ],
            [
              692.3514588976888,
              130
            ],
            [
              690,
              129.06602958563244
            ],
            [
              690,
              129.06602958563244
            ]
          ],
          [
            [
              110,
              347.5185298253661
            ],
            [
              102.73038102956637,
              350
            ],
            [
              100,
              351.08678709320486
            ],
            [
              90,
              357.31268140494404
            ],
            [
              87.06932182648387,
              360
            ],
            [
              80,
              367.77054730124814
            ],
            [
              78.31583560818207,
              370
            ],
            [
              70.7211357424856,
              380
            ],
            [
              70,
              380.8628640103496
            ],
            [
              61.81686162566914,
              390
            ],
            [
              60,
              391.7082674548021
            ],
            [
              50,
              399.880142172095
            ],
            [
              40,
              406.53232371538263
            ],
            [
              34.78379747857488,
              410
            ],
            [
              30,
              413.5103811303446
            ],
            [
              22.62519268233641,
              420
            ],
            [
              20,
              423.1737472151468
            ],
            [
              15.543490680524751,
              430
            ],
            [
              11.7433525436916,
              440
            ],
            [
              9.943160460725512,
              449.66287595947256
            ],
            [
              9.470610656628969,
              460
            ],
            [
              10,
              465.93910925581656
            ],
            [
              10.400117130602702,
              470
            ],
            [
              13.09132750307219,
              480
            ],
            [
              18.449765347071672,
              490
            ],
            [
              20,
              491.9322601441489
            ],
            [
              27.608483025338664,
              500
            ],
            [
              30,
              502.05044109691175
            ],
            [
              39.31698993484606,
              510
            ],
            [
              49.79576955277595,
              520
            ],
            [
              58.07882571571413,
              530
            ],
            [
              60,
              532.5070349433329
            ],
            [
              65.62232964439025,
              540
            ],
            [
              70,
              545.3322677409507
            ],
            [
              74.4564038383308,
              550
            ],
            [
              80,
              554.5850326708807
            ],
            [
              89.5987673783749,
              560
            ],
            [
              100,
              563.4804148460107
            ],
            [
              110,
              565.5789763777673
            ],
            [
              120,
              566.9792291572379
            ],
            [
              130,
              567.9485721517545
            ],
            [
              140,
              568.6152028100928
            ],
            [
              150,
              569.007157899345
            ],
            [
              160,
              569.0506455411853
            ],
            [
              170,
              568.5329752077525
            ],
            [
              180,
              567.0409187669414
            ],
            [
              190,
              563.9489923972903
            ],
            [
              197.79737983100233,
              560
            ],
            [
              200,
              558.7160252474857
            ],
            [
              210,
              551.7725702845835
            ],
            [
              212.46559435873053,
              550
            ],
            [
              220,
              545.0666049278158
            ],
            [
              228.95556801481533,
              540
            ],
            [
              230,
              539.4744044037324
            ],
            [
              240,
              535.0701788492078
            ],
            [
              250,
              530.9613841983852
            ],
            [
              252.1657654458147,
              530
            ],
            [
              260,
              525.8802289569045
            ],
            [
              268.09912999681546,
              520
            ],
            [
              270,
              517.7646170242452
            ],
            [
              274.6389214548492,
              510
            ],
            [
              276.7617092060815,
              500
            ],
            [
              276.55647001387086,
              490
            ],
            [
              275.3588990995399,
              480
            ],
            [
              273.93273877652007,
              470
            ],
            [
              272.63774369026964,
              460
            ],
            [
              271.60372099649186,
              450
            ],
            [
              270.8264566003016,
              440
            ],
            [
              270.18929369134696,
              430
            ],
            [
              270,
              427.28132131323747
            ],
            [
              269.40911676110625,
              420
            ],
            [
              267.75485723173676,
              410
            ],
            [
              263.49509261592925,
              400
            ],
            [
              260,
              395.89703706677517
            ],
            [
              250.5549077455847,
              390
            ],
            [
              240,
              386.43570601997595
            ],
            [
              230,
              383.7133960666913
            ],
            [
              220,
              380.77867313517544
            ],
            [
              217.9335095085094,
              380
            ],
            [
              210,
              376.281765485046
            ],
            [
              200,
              370.4854613453184
            ],
            [
              190,
              362.0864755462569
            ],
            [
              187.39707389424268,
              360
            ],
            [
              180,
              353.7401095171758
            ],
            [
              173.40947477445616,
              350
            ],
            [
              170,
              348.3200715656702
            ],
            [
              160,
              345.45481094812095
            ],
            [
              150,
              344.23709776819203
            ],
            [
              140,
              343.96131310122394
            ],
            [
              130,
              344.37562167579676
            ],
            [
              120,
              345.4825682444507
            ],
            [
              110,
              347.5185298253661
            ],
            [
              110,
              347.5185298253661
            ]
          ]
        ]
      }
    },
    {
      "type": "Feature",
      "properties": {
        "value": 72.5,
        "level": 70,
        "levelIndex": 9,
        "minValue": 70,
        "maxValue": 75,
        "type": "filled_contour",
        "hasHoles": true,
        "polygonIndex": 1,
        "clipped": true
      },
      "geometry": {
        "type": "Polygon",
        "coordinates": [
          [
            [
              590,
              49.042652508314404
            ],
            [
              588.1572929532053,
              50
            ],
            [
              580,
              56.63137508606245
            ],
            [
              577.135128339114,
              60
            ],
            [
              570.9242875696173,
              70
            ],
            [
              570,
              71.59348497097415
            ],
            [
              564.5690464694424,
              80
            ],
            [
              560,
              85.87157991940295
            ],
            [
              555.606334704857,
              90
            ],
            [
              550,
              94.28489186299726
            ],
            [
              540,
              99.55499194035379
            ],
            [
              538.7911156870315,
              100
            ],
            [
              530,
              103.66379896018034
            ],
            [
              520,
              108.71671891291197
            ],
            [
              518.2284833699588,
              110
            ],
            [
              513.2462270743735,
              120
            ],
            [
              513.2315294454233,
              130
            ],
            [
              515.2951478601344,
              140
            ],
            [
              519.3816340529908,
              150
            ],
            [
              520,
              150.89942219756523
            ],
            [
              527.7636885422273,
              160
            ],
            [
              530,
              161.64805736292496
            ],
            [
              540,
              166.73151357502596
            ],
            [
              550,
              169.75588306634265
            ],
            [
              551.7061077352399,
              170
            ],
            [
              560,
              170.98072739360308
            ],
            [
              570,
              171.12421461638232
            ],
            [
              580,
              170.20591866316488
            ],
            [
              581.1443327409567,
              170
            ],
            [
              590,
              167.76324815309636
            ],
            [
              600,
              163.96287015594856
            ],
            [
              608.9187925738506,
              160
            ],
            [
              610,
              159.4945971212931
            ],
            [
              620,
              156.8551568227374
            ],
            [
              630,
              157.08063579632028
            ],
            [
              638.7840262337827,
              160
            ],
            [
              640,
              160.50069738864195
            ],
            [
              650,
              166.6687550035729
            ],
            [
              655.7107495198265,
              170
            ],
            [
              660,
              171.92162378173592
            ],
            [
              670,
              174.9722911469542
            ],
            [
              680,
              176.38496261084492
            ],
            [
              690,
              176.64333457732673
            ],
            [
              700,
              175.94178368288425
            ],
            [
              710,
              174.23382309230763
            ],
            [
              720,
              171.21335314286443
            ],
            [
              722.6039774646108,
              170
            ],
            [
              730,
              165.1162041294976
            ],
            [
              735.2136136623865,
              160
            ],
            [
              740,
              152.08790486834835
            ],
            [
              741.0323325275472,
              150
            ],
            [
              743.7803859135679,
              140
            ],
            [
              744.7384144913051,
              130
            ],
            [
              743.5777895318452,
              120
            ],
            [
              740,
              112.64734352404051
            ],
            [
              738.0028215665541,
              110
            ],
            [
              730,
              104.25883839336475
            ],
            [
              721.7807609922065,
              100
            ],
            [
              720,
              99.20920824430206
            ],
            [
              710,
              94.00245559207649
            ],
            [
              704.0528134674628,
              90
            ],
            [
              700,
              86.77615855003263
            ],
            [
              693.5924412301479,
              80
            ],
            [
              690,
              75.38691260919242
            ],
            [
              686.2869744385706,
              70
            ],
            [
              680,
              61.26239741413065
            ],
            [
              678.9850732079017,
              60
            ],
            [
              670,
              51.84921259777972
            ],
            [
              666.8854505250624,
              50
            ],
            [
              660,
              47.11218695479191
            ],
            [
              650,
              44.7068632629188
            ],
            [
              640,
              43.47872407721925
            ],
            [
              630,
              43.00361010812005
            ],
            [
              620,
              43.13444853134455
            ],
            [
              610,
              43.9177867417896
            ],
            [
              600,
              45.635865545309
            ],
            [
              590,
              49.042652508314404
            ],
            [
              590,
              49.042652508314404
            ]
          ],
          [
            [
              609.5545099348863,
              69.70019313358802
            ],
            [
              600.1492925029361,
              80
            ],
            [
              596.2585297610734,
              90
            ],
            [
              594.8515776672222,
              100
            ],
            [
              598.0647047063791,
              110
            ],
            [
              600,
              111.51510707410814
            ],
            [
              610,
              115.1569126286511
            ],
            [
              620,
              116.63533463193144
            ],
            [
              630,
              117.47792830154634
            ],
            [
              640,
              118.10015881701624
            ],
            [
              650,
              118.63209307810288
            ],
            [
              660,
              118.93075152053018
            ],
            [
              669.4197068200696,
              110
            ],
            [
              666.8104564498726,
              100
            ],
            [
              663.3336019159821,
              90
            ],
            [
              660,
              83.36083311939669
            ],
            [
              658.1948723116427,
              80
            ],
            [
              650,
              71.01349437823282
            ],
            [
              648.6140584985596,
              70
            ],
            [
              640,
              66.14212930392675
            ],
            [
              630,
              64.49176380872196
            ],
            [
              620,
              65.50354237053254
            ],
            [
              609.5545099348863,
              69.70019313358802
            ],
            [
              609.5545099348863,
              69.70019313358802
            ]
          ],
          [
            [
              690,
              129.06602958563244
            ],
            [
              685.704780649066,
              130
            ],
            [
              689.8134295909551,
              140
            ],
            [
              700,
              140.2232892390061
            ],
            [
              700,
              139.23387006790603
            ],
            [
              692.3514588976888,
              130
            ],
            [
              690,
              129.06602958563244
            ],
            [
              690,
              129.06602958563244
            ]
          ]
        ]
      }
    },
    {
      "type": "Feature",
      "properties": {
        "value": 72.5,
        "level": 70,
        "levelIndex": 9,
        "minValue": 70,
        "maxValue": 75,
        "type": "filled_contour",
        "hasHoles": false,
        "polygonIndex": 2,
        "clipped": true
      },
      "geometry": {
        "type": "Polygon",
        "coordinates": [
          [
            [
              203.09797513132327,
              80
            ],
            [
              210,
              75.45436325593657
            ],
            [
              220,
              76.2036136254809
            ],
            [
              224.9997177086279,
              80
            ],
            [
              227.9652998331671,
              90
            ],
            [
              220,
              96.35253459728386
            ],
            [
              210,
              95.36636930822499
            ],
            [
              202.45981384016662,
              90
            ],
            [
              203.09797513132327,
              80
            ],
            [
              203.09797513132327,
              80
            ]
          ]
        ]
      }
    },
    {
      "type": "Feature",
      "properties": {
        "value": 72.5,
        "level": 70,
        "levelIndex": 9,
        "minValue": 70,
        "maxValue": 75,
        "type": "filled_contour",
        "hasHoles": false,
        "polygonIndex": 3,
        "clipped": true
      },
      "geometry": {
        "type": "Polygon",
        "coordinates": [
          [
            [
              460,
              75.20032520194246
            ],
            [
              457.84525164273555,
              80
            ],
            [
              460,
              82.58846320552642
            ],
            [
              470,
              87.34627341246696
            ],
            [
              480,
              82.36055312170718
            ],
            [
              480.9465416961448,
              80
            ],
            [
              480,
              78.70587160781265
            ],
            [
              470,
              71.32917030756084
            ],
            [
              460,
              75.20032520194246
            ],
            [
              460,
              75.20032520194246
            ]
          ]
        ]
      }
    },
    {
      "type": "Feature",
      "properties": {
        "value": 72.5,
        "level": 70,
        "levelIndex": 9,
        "minValue": 70,
        "maxValue": 75,
        "type": "filled_contour",
        "hasHoles": false,
        "polygonIndex": 4,
        "clipped": true
      },
      "geometry": {
        "type": "Polygon",
        "coordinates": [
          [
            [
              50,
              127.98916255740559
            ],
            [
              45.66090691214812,
              130
            ],
            [
              40,
              134.4920697051592
            ],
            [
              36.79283446350887,
              140
            ],
            [
              37.9968134090464,
              150
            ],
            [
              40,
              152.33089749006248
            ],
            [
              50,
              156.48456495003438
            ],
            [
              60,
              153.57422727174315
            ],
            [
              63.71472296120973,
              150
            ],
            [
              68.10172688305808,
              140
            ],
            [
              67.34550997398154,
              130
            ],
            [
              60,
              126.57833563517673
            ],
            [
              50,
              127.98916255740559
            ],
            [
              50,
              127.98916255740559
            ]
          ]
        ]
      }
    },
    {
      "type": "Feature",
      "properties": {
        "value": 77.5,
        "level": 75,
        "levelIndex": 10,
        "minValue": 75,
        "maxValue": 80,
        "type": "filled_contour",
        "hasHoles": false,
        "polygonIndex": 0,
        "clipped": true
      },
      "geometry": {
        "type": "Polygon",
        "coordinates": [
          [
            [
              29.192806314756456,
              0
            ],
            [
              30,
              1.602773544154631
            ],
            [
              36.555552962751534,
              10
            ],
            [
              40,
              12.420825104728053
            ],
            [
              50,
              15.949868970169138
            ],
            [
              60,
              16.583977741632573
            ],
            [
              70,
              13.964493742908026
            ],
            [
              75.57192380773493,
              10
            ],
            [
              80,
              4.703569444970082
            ],
            [
              82.98916598849263,
              0
            ],
            [
              151.17029941357188,
              0
            ],
            [
              29.192806314756456,
              0
            ]
          ]
        ]
      }
    },
    {
      "type": "Feature",
      "properties": {
        "value": 77.5,
        "level": 75,
        "levelIndex": 10,
        "minValue": 75,
        "maxValue": 80,
        "type": "filled_contour",
        "hasHoles": false,
        "polygonIndex": 1,
        "clipped": true
      },
      "geometry": {
        "type": "Polygon",
        "coordinates": [
          [
            [
              150,
              39.66056276314693
            ],
            [
              148.26616326706528,
              40
            ],
            [
              140,
              40.837059834900316
            ],
            [
              130,
              42.53917271235141
            ],
            [
              120,
              45.61353513921384
            ],
            [
              113.28134176585652,
              50
            ],
            [
              110,
              54.582812085408285
            ],
            [
              108.02665221873625,
              60
            ],
            [
              108.39936378372907,
              70
            ],
            [
              110,
              73.84940633633117
            ],
            [
              114.03661423121913,
              80
            ],
            [
              120,
              84.21707236430274
            ],
            [
              130,
              86.48141673152834
            ],
            [
              140,
              84.31539210686887
            ],
            [
              146.12704569361256,
              80
            ],
            [
              150,
              74.74575517316428
            ],
            [
              152.40507966541907,
              70
            ],
            [
              155.06916164242716,
              60
            ],
            [
              156.46757302406397,
              50
            ],
            [
              157.23487018688735,
              40
            ],
            [
              150,
              39.66056276314693
            ],
            [
              150,
              39.66056276314693
            ]
          ]
        ]
      }
    },
    {
      "type": "Feature",
      "properties": {
        "value": 77.5,
        "level": 75,
        "levelIndex": 10,
        "minValue": 75,
        "maxValue": 80,
        "type": "filled_contour",
        "hasHoles": false,
        "polygonIndex": 2,
        "clipped": true
      },
      "geometry": {
        "type": "Polygon",
        "coordinates": [
          [
            [
              609.5545099348863,
              69.70019313358802
            ],
            [
              600.1492925029361,
              80
            ],
            [
              596.2585297610734,
              90
            ],
            [
              594.8515776672222,
              100
            ],
            [
              598.0647047063791,
              110
            ],
            [
              600,
              111.51510707410814
            ],
            [
              610,
              115.1569126286511
            ],
            [
              620,
              116.63533463193144
            ],
            [
              630,
              117.47792830154634
            ],
            [
              640,
              118.10015881701624
            ],
            [
              650,
              118.63209307810288
            ],
            [
              660,
              118.93075152053018
            ],
            [
              669.4197068200696,
              110
            ],
            [
              666.8104564498726,
              100
            ],
            [
              663.3336019159821,
              90
            ],
            [
              660,
              83.36083311939669
            ],
            [
              658.1948723116427,
              80
            ],
            [
              650,
              71.01349437823282
            ],
            [
              648.6140584985596,
              70
            ],
            [
              640,
              66.14212930392675
            ],
            [
              630,
              64.49176380872196
            ],
            [
              620,
              65.50354237053254
            ],
            [
              609.5545099348863,
              69.70019313358802
            ],
            [
              609.5545099348863,
              69.70019313358802
            ]
          ]
        ]
      }
    },
    {
      "type": "Feature",
      "properties": {
        "value": 77.5,
        "level": 75,
        "levelIndex": 10,
        "minValue": 75,
        "maxValue": 80,
        "type": "filled_contour",
        "hasHoles": false,
        "polygonIndex": 3,
        "clipped": true
      },
      "geometry": {
        "type": "Polygon",
        "coordinates": [
          [
            [
              690,
              129.06602958563244
            ],
            [
              685.704780649066,
              130
            ],
            [
              689.8134295909551,
              140
            ],
            [
              700,
              140.2232892390061
            ],
            [
              700,
              139.23387006790603
            ],
            [
              692.3514588976888,
              130
            ],
            [
              690,
              129.06602958563244
            ],
            [
              690,
              129.06602958563244
            ]
          ]
        ]
      }
    },
    {
      "type": "Feature",
      "properties": {
        "value": 77.5,
        "level": 75,
        "levelIndex": 10,
        "minValue": 75,
        "maxValue": 80,
        "type": "filled_contour",
        "hasHoles": true,
        "polygonIndex": 4,
        "clipped": true
      },
      "geometry": {
        "type": "Polygon",
        "coordinates": [
          [
            [
              110,
              347.5185298253661
            ],
            [
              102.73038102956637,
              350
            ],
            [
              100,
              351.08678709320486
            ],
            [
              90,
              357.31268140494404
            ],
            [
              87.06932182648387,
              360
            ],
            [
              80,
              367.77054730124814
            ],
            [
              78.31583560818207,
              370
            ],
            [
              70.7211357424856,
              380
            ],
            [
              70,
              380.8628640103496
            ],
            [
              61.81686162566914,
              390
            ],
            [
              60,
              391.7082674548021
            ],
            [
              50,
              399.880142172095
            ],
            [
              40,
              406.53232371538263
            ],
            [
              34.78379747857488,
              410
            ],
            [
              30,
              413.5103811303446
            ],
            [
              22.62519268233641,
              420
            ],
            [
              20,
              423.1737472151468
            ],
            [
              15.543490680524751,
              430
            ],
            [
              11.7433525436916,
              440
            ],
            [
              9.943160460725512,
              449.66287595947256
            ],
            [
              9.470610656628969,
              460
            ],
            [
              10,
              465.93910925581656
            ],
            [
              10.400117130602702,
              470
            ],
            [
              13.09132750307219,
              480
            ],
            [
              18.449765347071672,
              490
            ],
            [
              20,
              491.9322601441489
            ],
            [
              27.608483025338664,
              500
            ],
            [
              30,
              502.05044109691175
            ],
            [
              39.31698993484606,
              510
            ],
            [
              49.79576955277595,
              520
            ],
            [
              58.07882571571413,
              530
            ],
            [
              60,
              532.5070349433329
            ],
            [
              65.62232964439025,
              540
            ],
            [
              70,
              545.3322677409507
            ],
            [
              74.4564038383308,
              550
            ],
            [
              80,
              554.5850326708807
            ],
            [
              89.5987673783749,
              560
            ],
            [
              100,
              563.4804148460107
            ],
            [
              110,
              565.5789763777673
            ],
            [
              120,
              566.9792291572379
            ],
            [
              130,
              567.9485721517545
            ],
            [
              140,
              568.6152028100928
            ],
            [
              150,
              569.007157899345
            ],
            [
              160,
              569.0506455411853
            ],
            [
              170,
              568.5329752077525
            ],
            [
              180,
              567.0409187669414
            ],
            [
              190,
              563.9489923972903
            ],
            [
              197.79737983100233,
              560
            ],
            [
              200,
              558.7160252474857
            ],
            [
              210,
              551.7725702845835
            ],
            [
              212.46559435873053,
              550
            ],
            [
              220,
              545.0666049278158
            ],
            [
              228.95556801481533,
              540
            ],
            [
              230,
              539.4744044037324
            ],
            [
              240,
              535.0701788492078
            ],
            [
              250,
              530.9613841983852
            ],
            [
              252.1657654458147,
              530
            ],
            [
              260,
              525.8802289569045
            ],
            [
              268.09912999681546,
              520
            ],
            [
              270,
              517.7646170242452
            ],
            [
              274.6389214548492,
              510
            ],
            [
              276.7617092060815,
              500
            ],
            [
              276.55647001387086,
              490
            ],
            [
              275.3588990995399,
              480
            ],
            [
              273.93273877652007,
              470
            ],
            [
              272.63774369026964,
              460
            ],
            [
              271.60372099649186,
              450
            ],
            [
              270.8264566003016,
              440
            ],
            [
              270.18929369134696,
              430
            ],
            [
              270,
              427.28132131323747
            ],
            [
              269.40911676110625,
              420
            ],
            [
              267.75485723173676,
              410
            ],
            [
              263.49509261592925,
              400
            ],
            [
              260,
              395.89703706677517
            ],
            [
              250.5549077455847,
              390
            ],
            [
              240,
              386.43570601997595
            ],
            [
              230,
              383.7133960666913
            ],
            [
              220,
              380.77867313517544
            ],
            [
              217.9335095085094,
              380
            ],
            [
              210,
              376.281765485046
            ],
            [
              200,
              370.4854613453184
            ],
            [
              190,
              362.0864755462569
            ],
            [
              187.39707389424268,
              360
            ],
            [
              180,
              353.7401095171758
            ],
            [
              173.40947477445616,
              350
            ],
            [
              170,
              348.3200715656702
            ],
            [
              160,
              345.45481094812095
            ],
            [
              150,
              344.23709776819203
            ],
            [
              140,
              343.96131310122394
            ],
            [
              130,
              344.37562167579676
            ],
            [
              120,
              345.4825682444507
            ],
            [
              110,
              347.5185298253661
            ],
            [
              110,
              347.5185298253661
            ]
          ],
          [
            [
              110,
              367.9595449765251
            ],
            [
              106.68651592394392,
              370
            ],
            [
              100,
              375.07466498761005
            ],
            [
              95.08842282589856,
              380
            ],
            [
              90,
              385.74913881362215
            ],
            [
              86.50400599541582,
              390
            ],
            [
              80,
              397.4685417310577
            ],
            [
              77.61528202952663,
              400
            ],
            [
              70,
              406.988867895219
            ],
            [
              66.19422434739792,
              410
            ],
            [
              60,
              414.4846967532851
            ],
            [
              51.78821727952692,
              420
            ],
            [
              50,
              421.27863877661554
            ],
            [
              40,
              429.25210009615677
            ],
            [
              39.21082810517115,
              430
            ],
            [
              31.791545492372578,
              440
            ],
            [
              30,
              444.609739852446
            ],
            [
              28.290287423498228,
              450
            ],
            [
              27.790987812663595,
              460
            ],
            [
              29.9309009370647,
              470
            ],
            [
              35.44155082447603,
              480
            ],
            [
              40,
              485.4734155169835
            ],
            [
              44.091894039767325,
              490
            ],
            [
              50,
              495.6640485506218
            ],
            [
              54.26012997831901,
              500
            ],
            [
              60,
              505.93421507141113
            ],
            [
              63.459387598761296,
              510
            ],
            [
              70,
              518.1929738254939
            ],
            [
              71.32884149789209,
              520
            ],
            [
              78.87472387402372,
              530
            ],
            [
              80,
              531.3573719473598
            ],
            [
              88.10601018005462,
              540
            ],
            [
              90,
              541.6148373282389
            ],
            [
              100,
              548.1283188567253
            ],
            [
              104.1759995359774,
              550
            ],
            [
              110,
              552.1144828643891
            ],
            [
              120,
              554.4299324781343
            ],
            [
              130,
              555.6717907423154
            ],
            [
              140,
              556.0225619228611
            ],
            [
              150,
              555.48949680412
            ],
            [
              160,
              553.9175020313985
            ],
            [
              170,
              550.9818440483932
            ],
            [
              172.33920180573074,
              550
            ],
            [
              180,
              546.195681326598
            ],
            [
              189.50614321547954,
              540
            ],
            [
              200,
              532.5840413707989
            ],
            [
              203.827280074727,
              530
            ],
            [
              210,
              526.1565271680179
            ],
            [
              220,
              520.6078821407522
            ],
            [
              221.23145342276385,
              520
            ],
            [
              230,
              515.6139507855444
            ],
            [
              240,
              510.01478391296956
            ],
            [
              250,
              500.97061439765747
            ],
            [
              250.75440927522388,
              500
            ],
            [
              255.34016756316115,
              490
            ],
            [
              257.13800610604767,
              480
            ],
            [
              257.5317481494371,
              470
            ],
            [
              257.13782617065317,
              460
            ],
            [
              256.14825618774364,
              450
            ],
            [
              254.46721329705036,
              440
            ],
            [
              251.67758629584327,
              430
            ],
            [
              250,
              426.08206070194785
            ],
            [
              246.60508449424464,
              420
            ],
            [
              240,
              412.71736078785034
            ],
            [
              236.42128605340685,
              410
            ],
            [
              230,
              406.1979300806643
            ],
            [
              220,
              401.7640436859019
            ],
            [
              215.51330117339853,
              400
            ],
            [
              210,
              397.7953642161359
            ],
            [
              200,
              393.5890364697665
            ],
            [
              192.4585702451098,
              390
            ],
            [
              190,
              388.6223049808418
            ],
            [
              180,
              382.39165499583623
            ],
            [
              176.37158238676585,
              380
            ],
            [
              170,
              375.4010341770411
            ],
            [
              161.40560709881805,
              370
            ],
            [
              160,
              369.1624855625915
            ],
            [
              150,
              364.9427726405033
            ],
            [
              140,
              362.7834449122808
            ],
            [
              130,
              362.5100484269737
            ],
            [
              120,
              364.1450136200407
            ],
            [
              110,
              367.9595449765251
            ],
            [
              110,
              367.9595449765251
            ]
          ]
        ]
      }
    },
    {
      "type": "Feature",
      "properties": {
        "value": 82.5,
        "level": 80,
        "levelIndex": 11,
        "minValue": 80,
        "maxValue": 85,
        "type": "filled_contour",
        "hasHoles": true,
        "polygonIndex": 0,
        "clipped": true
      },
      "geometry": {
        "type": "Polygon",
        "coordinates": [
          [
            [
              110,
              367.9595449765251
            ],
            [
              106.68651592394392,
              370
            ],
            [
              100,
              375.07466498761005
            ],
            [
              95.08842282589856,
              380
            ],
            [
              90,
              385.74913881362215
            ],
            [
              86.50400599541582,
              390
            ],
            [
              80,
              397.4685417310577
            ],
            [
              77.61528202952663,
              400
            ],
            [
              70,
              406.988867895219
            ],
            [
              66.19422434739792,
              410
            ],
            [
              60,
              414.4846967532851
            ],
            [
              51.78821727952692,
              420
            ],
            [
              50,
              421.27863877661554
            ],
            [
              40,
              429.25210009615677
            ],
            [
              39.21082810517115,
              430
            ],
            [
              31.791545492372578,
              440
            ],
            [
              30,
              444.609739852446
            ],
            [
              28.290287423498228,
              450
            ],
            [
              27.790987812663595,
              460
            ],
            [
              29.9309009370647,
              470
            ],
            [
              35.44155082447603,
              480
            ],
            [
              40,
              485.4734155169835
            ],
            [
              44.091894039767325,
              490
            ],
            [
              50,
              495.6640485506218
            ],
            [
              54.26012997831901,
              500
            ],
            [
              60,
              505.93421507141113
            ],
            [
              63.459387598761296,
              510
            ],
            [
              70,
              518.1929738254939
            ],
            [
              71.32884149789209,
              520
            ],
            [
              78.87472387402372,
              530
            ],
            [
              80,
              531.3573719473598
            ],
            [
              88.10601018005462,
              540
            ],
            [
              90,
              541.6148373282389
            ],
            [
              100,
              548.1283188567253
            ],
            [
              104.1759995359774,
              550
            ],
            [
              110,
              552.1144828643891
            ],
            [
              120,
              554.4299324781343
            ],
            [
              130,
              555.6717907423154
            ],
            [
              140,
              556.0225619228611
            ],
            [
              150,
              555.48949680412
            ],
            [
              160,
              553.9175020313985
            ],
            [
              170,
              550.9818440483932
            ],
            [
              172.33920180573074,
              550
            ],
            [
              180,
              546.195681326598
            ],
            [
              189.50614321547954,
              540
            ],
            [
              200,
              532.5840413707989
            ],
            [
              203.827280074727,
              530
            ],
            [
              210,
              526.1565271680179
            ],
            [
              220,
              520.6078821407522
            ],
            [
              221.23145342276385,
              520
            ],
            [
              230,
              515.6139507855444
            ],
            [
              240,
              510.01478391296956
            ],
            [
              250,
              500.97061439765747
            ],
            [
              250.75440927522388,
              500
            ],
            [
              255.34016756316115,
              490
            ],
            [
              257.13800610604767,
              480
            ],
            [
              257.5317481494371,
              470
            ],
            [
              257.13782617065317,
              460
            ],
            [
              256.14825618774364,
              450
            ],
            [
              254.46721329705036,
              440
            ],
            [
              251.67758629584327,
              430
            ],
            [
              250,
              426.08206070194785
            ],
            [
              246.60508449424464,
              420
            ],
            [
              240,
              412.71736078785034
            ],
            [
              236.42128605340685,
              410
            ],
            [
              230,
              406.1979300806643
            ],
            [
              220,
              401.7640436859019
            ],
            [
              215.51330117339853,
              400
            ],
            [
              210,
              397.7953642161359
            ],
            [
              200,
              393.5890364697665
            ],
            [
              192.4585702451098,
              390
            ],
            [
              190,
              388.6223049808418
            ],
            [
              180,
              382.39165499583623
            ],
            [
              176.37158238676585,
              380
            ],
            [
              170,
              375.4010341770411
            ],
            [
              161.40560709881805,
              370
            ],
            [
              160,
              369.1624855625915
            ],
            [
              150,
              364.9427726405033
            ],
            [
              140,
              362.7834449122808
            ],
            [
              130,
              362.5100484269737
            ],
            [
              120,
              364.1450136200407
            ],
            [
              110,
              367.9595449765251
            ],
            [
              110,
              367.9595449765251
            ]
          ],
          [
            [
              120,
              389.6286572294953
            ],
            [
              110,
              398.3119606319763
            ],
            [
              108.50846205740572,
              400
            ],
            [
              100.25230748719684,
              410.3151454912082
            ],
            [
              91.3334192060799,
              420
            ],
            [
              90,
              421.18949655182314
            ],
            [
              80,
              428.48922089393346
            ],
            [
              77.59164113230669,
              430
            ],
            [
              70,
              434.92903297307487
            ],
            [
              62.680571701709766,
              440
            ],
            [
              60,
              442.6984083001711
            ],
            [
              54.70323565127397,
              450
            ],
            [
              52.97179095565579,
              460
            ],
            [
              56.33121722852633,
              470
            ],
            [
              60,
              475.35404028232756
            ],
            [
              63.2644158960082,
              480
            ],
            [
              70,
              488.28394012653195
            ],
            [
              71.21640277956287,
              490
            ],
            [
              78.37084807543658,
              500
            ],
            [
              80,
              502.3312014350608
            ],
            [
              84.85860739533348,
              510
            ],
            [
              90,
              517.6500435542143
            ],
            [
              91.63247962307246,
              520
            ],
            [
              100,
              529.4496183858372
            ],
            [
              110,
              536.2789756938811
            ],
            [
              118.7571527465264,
              540
            ],
            [
              120,
              540.4108329112817
            ],
            [
              130,
              542.0723740382864
            ],
            [
              140,
              542.153256121872
            ],
            [
              150,
              540.6788216161605
            ],
            [
              152.28596822597854,
              540
            ],
            [
              160,
              537.1881927782927
            ],
            [
              170,
              531.871248395205
            ],
            [
              172.8693282395576,
              530
            ],
            [
              180,
              524.9638512329102
            ],
            [
              186.9001007268518,
              520
            ],
            [
              190,
              517.823694135161
            ],
            [
              200,
              511.3826079199115
            ],
            [
              202.33591533220417,
              510
            ],
            [
              210,
              505.51914450938705
            ],
            [
              219.32749334821773,
              500
            ],
            [
              230,
              491.6162615287191
            ],
            [
              231.5831692230439,
              490
            ],
            [
              237.95696822266007,
              480
            ],
            [
              240,
              473.44130800869027
            ],
            [
              240.86021421041644,
              470
            ],
            [
              241.50801639076272,
              460
            ],
            [
              240.4864486025195,
              450
            ],
            [
              240,
              448.18531754906843
            ],
            [
              237.3950449504676,
              440
            ],
            [
              231.44083387670122,
              430
            ],
            [
              230,
              428.39105693218914
            ],
            [
              220,
              420.3065855000036
            ],
            [
              210,
              415.3178700991381
            ],
            [
              200,
              411.3416879964918
            ],
            [
              196.24387285002456,
              410
            ],
            [
              190,
              407.67796791645185
            ],
            [
              180,
              403.83281790718615
            ],
            [
              171.27571832793936,
              400
            ],
            [
              170,
              399.35465824813554
            ],
            [
              160,
              394.3637616921053
            ],
            [
              151.1669541236522,
              390
            ],
            [
              150,
              389.4278411655728
            ],
            [
              140,
              386.5327676234198
            ],
            [
              130,
              386.3693367817734
            ],
            [
              120,
              389.6286572294953
            ],
            [
              120,
              389.6286572294953
            ]
          ]
        ]
      }
    },
    {
      "type": "Feature",
      "properties": {
        "value": 87.5,
        "level": 85,
        "levelIndex": 12,
        "minValue": 85,
        "maxValue": 90,
        "type": "filled_contour",
        "hasHoles": true,
        "polygonIndex": 0,
        "clipped": true
      },
      "geometry": {
        "type": "Polygon",
        "coordinates": [
          [
            [
              120,
              389.6286572294953
            ],
            [
              110,
              398.3119606319763
            ],
            [
              108.50846205740572,
              400
            ],
            [
              100.25230748719684,
              410.3151454912082
            ],
            [
              91.3334192060799,
              420
            ],
            [
              90,
              421.18949655182314
            ],
            [
              80,
              428.48922089393346
            ],
            [
              77.59164113230669,
              430
            ],
            [
              70,
              434.92903297307487
            ],
            [
              62.680571701709766,
              440
            ],
            [
              60,
              442.6984083001711
            ],
            [
              54.70323565127397,
              450
            ],
            [
              52.97179095565579,
              460
            ],
            [
              56.33121722852633,
              470
            ],
            [
              60,
              475.35404028232756
            ],
            [
              63.2644158960082,
              480
            ],
            [
              70,
              488.28394012653195
            ],
            [
              71.21640277956287,
              490
            ],
            [
              78.37084807543658,
              500
            ],
            [
              80,
              502.3312014350608
            ],
            [
              84.85860739533348,
              510
            ],
            [
              90,
              517.6500435542143
            ],
            [
              91.63247962307246,
              520
            ],
            [
              100,
              529.4496183858372
            ],
            [
              110,
              536.2789756938811
            ],
            [
              118.7571527465264,
              540
            ],
            [
              120,
              540.4108329112817
            ],
            [
              130,
              542.0723740382864
            ],
            [
              140,
              542.153256121872
            ],
            [
              150,
              540.6788216161605
            ],
            [
              152.28596822597854,
              540
            ],
            [
              160,
              537.1881927782927
            ],
            [
              170,
              531.871248395205
            ],
            [
              172.8693282395576,
              530
            ],
            [
              180,
              524.9638512329102
            ],
            [
              186.9001007268518,
              520
            ],
            [
              190,
              517.823694135161
            ],
            [
              200,
              511.3826079199115
            ],
            [
              202.33591533220417,
              510
            ],
            [
              210,
              505.51914450938705
            ],
            [
              219.32749334821773,
              500
            ],
            [
              230,
              491.6162615287191
            ],
            [
              231.5831692230439,
              490
            ],
            [
              237.95696822266007,
              480
            ],
            [
              240,
              473.44130800869027
            ],
            [
              240.86021421041644,
              470
            ],
            [
              241.50801639076272,
              460
            ],
            [
              240.4864486025195,
              450
            ],
            [
              240,
              448.18531754906843
            ],
            [
              237.3950449504676,
              440
            ],
            [
              231.44083387670122,
              430
            ],
            [
              230,
              428.39105693218914
            ],
            [
              220,
              420.3065855000036
            ],
            [
              210,
              415.3178700991381
            ],
            [
              200,
              411.3416879964918
            ],
            [
              196.24387285002456,
              410
            ],
            [
              190,
              407.67796791645185
            ],
            [
              180,
              403.83281790718615
            ],
            [
              171.27571832793936,
              400
            ],
            [
              170,
              399.35465824813554
            ],
            [
              160,
              394.3637616921053
            ],
            [
              151.1669541236522,
              390
            ],
            [
              150,
              389.4278411655728
            ],
            [
              140,
              386.5327676234198
            ],
            [
              130,
              386.3693367817734
            ],
            [
              120,
              389.6286572294953
            ],
            [
              120,
              389.6286572294953
            ]
          ],
          [
            [
              160,
              427.03768989326176
            ],
            [
              153.32233684320568,
              430
            ],
            [
              150,
              432.33366667603275
            ],
            [
              142.93475811526338,
              440
            ],
            [
              140,
              443.9811183918112
            ],
            [
              135.55976315494632,
              450
            ],
            [
              130,
              456.78426626302667
            ],
            [
              126.81611130773655,
              460
            ],
            [
              120,
              466.3026384350191
            ],
            [
              115.67183549619254,
              470
            ],
            [
              110,
              476.3742219758811
            ],
            [
              107.57220655812216,
              480
            ],
            [
              105.19305161020503,
              490
            ],
            [
              106.45212097207624,
              500
            ],
            [
              110,
              508.690861405555
            ],
            [
              110.63771023274792,
              510
            ],
            [
              120,
              519.460765517334
            ],
            [
              120.9710184923608,
              520
            ],
            [
              130,
              522.9768549435381
            ],
            [
              140,
              523.174858183967
            ],
            [
              150,
              520.6675710048905
            ],
            [
              151.42243661631198,
              520
            ],
            [
              160,
              515.0317855123028
            ],
            [
              167.70252096957506,
              510
            ],
            [
              170,
              508.3991405968799
            ],
            [
              180,
              501.78542865082056
            ],
            [
              182.9455174790081,
              500
            ],
            [
              190,
              495.800401416116
            ],
            [
              200,
              490.27802486168923
            ],
            [
              210,
              483.20797798179643
            ],
            [
              213.63761952049845,
              480
            ],
            [
              220,
              471.24455312292685
            ],
            [
              220.67943225671252,
              470
            ],
            [
              222.71873259729642,
              460
            ],
            [
              221.3085983769295,
              450
            ],
            [
              220,
              447.3211735475703
            ],
            [
              215.02609772851088,
              440
            ],
            [
              210,
              435.7154814670356
            ],
            [
              200,
              430.0975765994878
            ],
            [
              190,
              427.29534178012415
            ],
            [
              180,
              425.74424869518134
            ],
            [
              170,
              425.4637409266026
            ],
            [
              160,
              427.03768989326176
            ],
            [
              160,
              427.03768989326176
            ]
          ]
        ]
      }
    },
    {
      "type": "Feature",
      "properties": {
        "value": 92.5,
        "level": 90,
        "levelIndex": 13,
        "minValue": 90,
        "maxValue": 95,
        "type": "filled_contour",
        "hasHoles": false,
        "polygonIndex": 0,
        "clipped": true
      },
      "geometry": {
        "type": "Polygon",
        "coordinates": [
          [
            [
              160,
              427.03768989326176
            ],
            [
              153.32233684320568,
              430
            ],
            [
              150,
              432.33366667603275
            ],
            [
              142.93475811526338,
              440
            ],
            [
              140,
              443.9811183918112
            ],
            [
              135.55976315494632,
              450
            ],
            [
              130,
              456.78426626302667
            ],
            [
              126.81611130773655,
              460
            ],
            [
              120,
              466.3026384350191
            ],
            [
              115.67183549619254,
              470
            ],
            [
              110,
              476.3742219758811
            ],
            [
              107.57220655812216,
              480
            ],
            [
              105.19305161020503,
              490
            ],
            [
              106.45212097207624,
              500
            ],
            [
              110,
              508.690861405555
            ],
            [
              110.63771023274792,
              510
            ],
            [
              120,
              519.460765517334
            ],
            [
              120.9710184923608,
              520
            ],
            [
              130,
              522.9768549435381
            ],
            [
              140,
              523.174858183967
            ],
            [
              150,
              520.6675710048905
            ],
            [
              151.42243661631198,
              520
            ],
            [
              160,
              515.0317855123028
            ],
            [
              167.70252096957506,
              510
            ],
            [
              170,
              508.3991405968799
            ],
            [
              180,
              501.78542865082056
            ],
            [
              182.9455174790081,
              500
            ],
            [
              190,
              495.800401416116
            ],
            [
              200,
              490.27802486168923
            ],
            [
              210,
              483.20797798179643
            ],
            [
              213.63761952049845,
              480
            ],
            [
              220,
              471.24455312292685
            ],
            [
              220.67943225671252,
              470
            ],
            [
              222.71873259729642,
              460
            ],
            [
              221.3085983769295,
              450
            ],
            [
              220,
              447.3211735475703
            ],
            [
              215.02609772851088,
              440
            ],
            [
              210,
              435.7154814670356
            ],
            [
              200,
              430.0975765994878
            ],
            [
              190,
              427.29534178012415
            ],
            [
              180,
              425.74424869518134
            ],
            [
              170,
              425.4637409266026
            ],
            [
              160,
              427.03768989326176
            ],
            [
              160,
              427.03768989326176
            ]
          ]
        ]
      }
    }
  ]
}